Availability Index,,,Date,10/1/26,,11/1/26,,12/1/26,,13/1/26,,14/1/26,,15/1/26,,16/1/26,,17/1/26,,18/1/26,,19/1/26,,20/1/26,,21/1/26,,22/1/26,,23/1/26,,24/1/26,,25/1/26,,26/1/26,,27/1/26,,28/1/26,,29/1/26,,30/1/26,,31/1/26,
1,No Restriction,,,,,,,,,,,,,,,,,,,,,,,,,,,,,,,,,,,,,,,,,,,,,,
2,Minutes Restriction,,Day:,Saturday,,Sunday,,Monday,,Tuesday,,Wednesday,,Thursday,,Friday,,Saturday,,Sunday,,Monday,,Tuesday,,Wednesday,,Thursday,,Friday,,Saturday,,Sunday,,Monday,,Tuesday,,Wednesday,,Thursday,,Friday,,Saturday,
3,Non Contact,,,,,,,,,,,,,,,,,,,,,,,,,,,,,,,,,,,,,,,,,,,,,,
4,Out - Medical,,Time,GAME-DAY,,OFF,,Early Practice,,Late Practice,,Early Practice,,Late Practice,,Early Practice,,Late Practice,,Early Practice,,GAME-DAY,,OFF,,Early Practice,,Late Practice,,Early Practice,,Late Practice,,Early Practice,,GAME-DAY,,OFF,,Early Practice,,Late Practice,,Early Practice,,Late Practice,
5,Out - Personal,,,,,,,,,,,,,,,,,,,,,,,,,,,,,,,,,,,,,,,,,,,,,,
Density of Practice (%) Scale,,,Practice Time (MIN),45 MIN Shootaround,,X Min,,90 Min,,75 Min,,75 Min,,85 Min,,60 Min,,85 Min,,75 Min,,45 MIN Shootaround,,X Min,,30/60 Min,,70 Min,,75 Min,,75 Min,,70 Min,,45 MIN Shootaround,,X Min,,75 Min,,80 Min,,75 Min,,85 Min,
Low Intensity,,Under 20%,,,,,,,,,,,,,,,,,,,,,,,,,,,,,,,,,,,,,,,,,,,,,
Moderate Intensity,,20%-25%,Total Available Players:,10 Players,,0 Players,,8 Players,,9 Players,,6 Players,,9 Players,,9 Players,,10 Players,,9 Players,,9 Players,,9 Players,,10 Players,,10 Players,,10 Players,,10 Players,,10 Players,,9 Players,,0 Players,,9 Players,,10 Players,,10 Players,,10 Players,
High Intensity,,25%-30%,,,,,,,,,,,,,,,,,,,,,,,,,,,,,,,,,,,,,,,,,,,,,
Very High Intensity,,Above 30%,,,,,,,,,,,,,,,,,,,,,,,,,,,,,,,,,,,,,,,,,,,,,
(Above 90 Min = High Volume),,,,Warm-Up,GAME-DAY,OFF,OFF,Warm-Up,"Dynamic
Streching",Q3,"- Warm-Up
- Banded
Walks
- Ball
Coordination",OFF,OFF,Warm-Up,Warm-Up,Q1,"- Warm-Up
- Ladders",Warm-Up,Warm-Up,Warm-Up,Warm-Up,Warm-Up,GAME-DAY,OFF,OFF,OFF,OFF,Warm-Up,Warm-Up,Q3,"MED-Balls
Slow & Fast",Warm-Up,Warm-Up,Warm-Up,Warm-Up,Warm-Up,GAME-DAY,OFF,OFF,Q1,"- Streching
on Mats
- Dynamic
Streching",Warm-Up,Warm-Up,Q2,"- Warm-Up
- Ladders",Warm-Up,Warm-Up
Intensity & Volume Scale,,,,,,,,,,,,,,,,,,,,,,,,,,,,,,,,,,,,,,,,,,,,,,,
Q1,Low Volume & Low Intensity,,,,,,,,,,,,,,,,,,,,,,,,,,,,,,,,,,,,,,,,,,,,,,
Q2,High Volume & Low Intensity,,,,,,,,,,,,,,,,,,,,,,,,,,,,,,,,,,,,,,,,,,,,,,
Q3,Low Volume & High Intensity,,,,,,,,,,,,,,,,,,,,,,,,,,,,,,,,,,,,,,,,,,,,,,
Q4,Moderate Volume & High Intensity,,S & C Scale,,,,,,,,,,,,,,,,,,,,,,,,,,,,,,,,,,,,,,,,,,,,
#,Athlete's Name,,,Availability,S & C Notes,Availability,S & C Notes,Availability,S & C Notes,Availability,S & C Notes,Availability,S & C Notes,Availability,S & C Notes,Availability,S & C Notes,Availability,S & C Notes,Availability,S & C Notes,Availability,S & C Notes,Availability,S & C Notes,Availability,S & C Notes,Availability,S & C Notes,Availability,S & C Notes,Availability,S & C Notes,Availability,S & C Notes,Availability,S & C Notes,Availability,S & C Notes,Availability,S & C Notes,Availability,S & C Notes,Availability,S & C Notes,Availability,S & C Notes
1,Jordon Varnado,,,4,,OFF,,3,108.7 KG,3,,1,,3,108.3KG,3,,3,,3,,4,,3,,3,108 KG,3,,3,,3,,3,,4,,OFF,,3,109.3 KG,3,,3,,3,
2,Denver Jones,,,4,,OFF,,2,,2,,1,,2,,4,,2,,2,,4,,2,,1,,1,,1,,1,,1,,1,,OFF,,4,,1,,1,,1,
5,Daeshon Francis,,,1,,OFF,,1,,1,,1,,1,,1,,1,,1,,1,,1,,1,,1,,1,,1,,1,,1,,OFF,,1,,1,,1,,1,
11,Omer Sadeh,,,1,,OFF,,1,,1,,OFF,,1,,1,,1,,1,,1,,1,,1,,1,,1,,1,,1,,1,,OFF,,1,,1,,1,,1,
13,Kai Obziler,,,1,,OFF,,1,,1,,1,,1,,1,,1,,1,,1,,1,,1,,1,,1,,1,,1,,1,,OFF,,1,,1,,1,,1,
15,Shalev Lugashi,,,1,,OFF,,1,,1,,OFF,,1,,1,,1,,1,,1,,1,,1,,1,,1,,1,,1,,1,,OFF,,1,,1,,1,,1,
21,Max Heidegger,,,1,,OFF,,1,,1,,1,,1,,1,,1,,1,,1,,1,,1,,1,,1,,1,,1,,1,,OFF,,1,,1,,1,,1,
23,Muriel Lutati,,,1,,OFF,,4,,4,,OFF,,2,,2,,1,,4,,4,,4,,4,,4,,4,,4,,4,,4,,OFF,,4,,4,,4,,4,
30,DJ Barnes (149.6 KG),,,1,,OFF,,1,148.6 KG,1,,1,,1,148 KG,1,,1,,1,,1,,1,,1,147.5 KG,1,,1,147.4 KG,1,,1,147.4 KG,5,,TBD,,1,148 KG,1,,1,,1,
32,Chinanu Onuaku,,,1,,OFF,,1,118.9 KG,1,,OFF,,1,120.4 KG,1,,1,,1,,1,,1,,1,119.1 KG,1,,1,,1,,1,,1,,OFF,,1,,1,119 KG,1,,1,
35,Noah Carter ,,,1,,OFF,,1,,1,108.4 KG,OFF,,1,,1,,1,,1,,1,,1,,1,109.2 KG,1,,1,,1,,1,,1,,OFF,,1,,1,109 KG,1,,1,
44,Elijah Stewart,,,1,,OFF,,4,,1,,OFF,,1,,1,,1,,1,,1,,1,,1,,1,,1,,1,,1,,1,,OFF,,1,,1,,1,,1,